[{"id":11,"title":"Test Event","start":"Tue Aug 09 2022 19:30:00 GMT+0300 (East Africa Time)","end":"Tue Aug 09 2022 19:30:00 GMT+0300 (East Africa Time)","desc":"Test"},{"id":63,"title":"ASADSFG","start":"Sun Aug 07 2022 15:00:00 GMT+0300 (East Africa Time)","end":"Sun Aug 07 2022 18:00:00 GMT+0300 (East Africa Time)","desc":"SACFVDBGN"},{"id":65,"title":"NAOMI","start":"Fri Aug 12 2022 00:30:00 GMT+0300 (East Africa Time)","end":"Fri Aug 12 2022 03:00:00 GMT+0300 (East Africa Time)","desc":"Naomi"},{"id":12,"title":"Test Booking","start":"Sat Aug 27 2022 19:30:00 GMT+0300 (East Africa Time)","end":"Sat Aug 27 2022 19:50:00 GMT+0300 (East Africa Time)","desc":"Appointment test"},{"id":13,"title":"Gym","start":"Sat Aug 27 2022 19:30:00 GMT+0300 (East Africa Time)","end":"Sat Aug 27 2022 19:50:00 GMT+0300 (East Africa Time)","desc":"Appointment test"},{"id":14,"title":"Test","start":"Sat Aug 27 2022 19:30:00 GMT+0300 (East Africa Time)","end":"Sat Aug 27 2022 19:50:00 GMT+0300 (East Africa Time)","desc":"Appointment test"},{"id":15,"title":"Test","start":"Sat Aug 27 2022 19:30:00 GMT+0300 (East Africa Time)","end":"Sat Aug 27 2022 19:50:00 GMT+0300 (East Africa Time)","desc":"Appointment test"},{"id":16,"title":"adfgfnhx","start":"Sat Aug 27 2022 19:30:00 GMT+0300 (East Africa Time)","end":"Sat Aug 27 2022 19:50:00 GMT+0300 (East Africa Time)","desc":"Appointment test"},{"id":17,"title":"xasvbdn","start":"Sat Aug 27 2022 19:30:00 GMT+0300 (East Africa Time)","end":"Sat Aug 27 2022 19:50:00 GMT+0300 (East Africa Time)","desc":"Appointment test"},{"id":18,"title":"dates","start":"Thu Aug 18 2022 17:30:00 GMT+0300 (East Africa Time)","end":"Wed Aug 24 2022 18:30:00 GMT+0300 (East Africa Time)","desc":"Appointment test"},{"id":19,"title":"xczvxb ","start":"Wed Aug 10 2022 21:00:00 GMT+0300 (East Africa Time)","end":"Wed Aug 10 2022 22:00:00 GMT+0300 (East Africa Time)","desc":"Appointment test"},{"id":20,"title":"","start":"Mon Aug 15 2022 01:40:00 GMT+0300 (East Africa Time)","end":"Mon Aug 15 2022 01:40:00 GMT+0300 (East Africa Time)","desc":"Appointment test"},{"id":21,"title":"","start":"Mon Aug 15 2022 01:40:00 GMT+0300 (East Africa Time)","end":"Mon Aug 15 2022 01:40:00 GMT+0300 (East Africa Time)","desc":"Appointment test"},{"id":22,"title":"","start":"Mon Aug 15 2022 01:42:00 GMT+0300 (East Africa Time)","end":"Mon Aug 15 2022 01:42:00 GMT+0300 (East Africa Time)","desc":"Appointment test"},{"id":23,"title":"","start":"Mon Aug 15 2022 01:47:00 GMT+0300 (East Africa Time)","end":"Mon Aug 15 2022 01:47:00 GMT+0300 (East Africa Time)","desc":"Appointment test"},{"id":24,"title":"","start":"Mon Aug 15 2022 11:00:00 GMT+0300 (East Africa Time)","end":"Mon Aug 15 2022 11:30:00 GMT+0300 (East Africa Time)","desc":"Appointment test"},{"id":25,"title":"","start":"Mon Aug 15 2022 10:30:00 GMT+0300 (East Africa Time)","end":"Mon Aug 15 2022 11:30:00 GMT+0300 (East Africa Time)","desc":"Appointment test"},{"id":26,"title":"KAMGUYZ 2","start":"Mon Aug 15 2022 16:00:00 GMT+0300 (East Africa Time)","end":"Mon Aug 15 2022 16:30:00 GMT+0300 (East Africa Time)","desc":"Appointment test"},{"id":27,"title":"MILLICENT","start":"Tue Aug 16 2022 09:30:00 GMT+0300 (East Africa Time)","end":"Tue Aug 16 2022 10:30:00 GMT+0300 (East Africa Time)","desc":"Appointment test"},{"id":28,"title":"Success","start":"Tue Aug 16 2022 00:30:00 GMT+0300 (East Africa Time)","end":"Tue Aug 16 2022 02:30:00 GMT+0300 (East Africa Time)","desc":"Appointment test"},{"id":29,"title":"Elidha Akoth","start":"Wed Aug 17 2022 07:00:00 GMT+0300 (East Africa Time)","end":"Wed Aug 17 2022 09:00:00 GMT+0300 (East Africa Time)","desc":"Appointment test"},{"id":30,"title":"adsfzdghfg,hk","start":"Mon Aug 15 2022 02:25:00 GMT+0300 (East Africa Time)","end":"Mon Aug 15 2022 02:25:00 GMT+0300 (East Africa Time)","desc":"Appointment test"},{"id":31,"title":"sADFSGDFNHM","start":"Mon Aug 15 2022 02:26:00 GMT+0300 (East Africa Time)","end":"Mon Aug 15 2022 02:26:00 GMT+0300 (East Africa Time)","desc":"Appointment test"},{"id":32,"title":"fsfdhgfhxmxj","start":"Mon Aug 15 2022 02:28:00 GMT+0300 (East Africa Time)","end":"Mon Aug 15 2022 02:28:00 GMT+0300 (East Africa Time)","desc":"Appointment test"},{"id":33,"title":"SDFSGDH","start":"Mon Aug 15 2022 02:45:00 GMT+0300 (East Africa Time)","end":"Mon Aug 15 2022 02:45:00 GMT+0300 (East Africa Time)","desc":"Appointment test"},{"id":34,"title":"sdfsdgfh","start":"Mon Aug 15 2022 02:47:00 GMT+0300 (East Africa Time)","end":"Mon Aug 15 2022 02:47:00 GMT+0300 (East Africa Time)","desc":"Appointment test"},{"id":35,"title":"Joan Akinyi","start":"Fri Aug 19 2022 10:30:00 GMT+0300 (East Africa Time)","end":"Fri Aug 19 2022 12:00:00 GMT+0300 (East Africa Time)","desc":"Appointment test"}]